id,column_2,column_3,time_stamps,comment_text_chinese,comment_text_english
147496833,147496833,,"0.709,1,25,16777215,1580871195,1,ab563115,28169480861908992",首页通知书,Homepage Notice
147496833,,,"0.446,1,25,16777215,1580878977,1,f4deab55,28173560592728064",谢谢有被笑到,Thank you for being laughed
147496833,,,"0.941,5,25,15138834,1580910876,1,90915b15,28190285042810880",欢       迎       回       来,Welcome back
147496833,,,"0.717,1,25,16777215,1580912720,1,100dbcdb,28191251775356928",不笑挑战,Not to laugh
147496833,,,"0.281,1,25,14811775,1580925274,1,d6908c71,28197833902391300",天               籁                之                 音,Sound of heaven
147496833,,,"0.611,1,25,16777215,1580968656,1,21014b5d,28220578498347008",开口就鸡皮疙瘩起了一身。。。,I opened the goosebumps.EssenceEssence
147496833,,,"0.639,5,25,8700107,1580994538,1,ea054f42,28234147749691394",最后亿遍,In the last 100 million times
147496833,,,"0.289,1,25,16777215,1581073480,1,7f7e021b,28275536281206784",开口跪,Kneel
147496833,,,"0.264,5,25,15138834,1581164517,1,b845bd43,28323266001108994",每天一遍 防止抑郁,Prevent depression once a day
147496833,,,"0.516,5,25,15138834,1581171537,1,3b25a653,28326946587279364",断          气           唱             法,Qi singing method
147496833,,,"0.386,1,25,41194,1581305711,8,2e408863,28397292108120068",灵魂歌手世界级演唱，哎呦你很不错,"Soul singer world -class singing, oh you are very good"
147496833,,,"0.126,5,25,16707842,1581402673,11,b6f0afec,28448128416874496",复      古      花      腔,Retro
147496833,,,"0.703,1,25,16777215,1581865602,1,1639de15,28690836194590722",五遍了 上头哈哈哈,"Five times, hahaha"
147496833,,,"0.402,5,25,15138834,1582341559,1,98ed1601,28940374685777920",开屏毯人,Open -screen blanketman
147496833,,,"0.062,1,25,16777215,1582862601,1,266fa9d9,29213551026503683",开口跪,Kneel
147496833,,,"0.889,1,25,16777215,1582879686,11,bf4650b2,29222508685688839",居然有25个人跟我一起看,There are 25 people watching with me
147496833,,,"0.01,1,25,16777215,1583112910,1,305e56e3,29344784751525893",开头暴击,Strike at the beginning
147496833,,,"0.118,1,25,16777215,1583298578,1,846c0158,29442128509140999",神仙唱歌了！！注意,The fairy sings!IntersectionNotice
147496833,,,"0.852,1,25,16777215,1584062370,1,25e9225e,29842575629221891",开口即死亡,Dist
147496833,,,"0.68,5,25,16777215,1586406130,1,b3c0a579,31071380614152195",梦开始的地方,Places where dreams start
147496833,,,"0.672,1,25,16707842,1586680850,1,7ed25097,31215412965277703",百万助攻,Million assists
147496833,,,"0.03,1,25,16777215,1588639546,1,83d5b9b5,32242333802037251",成名作,Fame
147496833,,,"0.923,5,25,15138834,1589480317,1,fa500a0f,32683140276813831",欢 迎 回 来,Welcome back
147496833,,,"0.573,5,25,16777215,1589772720,1,36b7406,32836443532951557",百万达成！,Million reached!
147496833,,,"0.933,5,25,15138834,1592834074,1,80e7310d,34441474432565255",友情开始的地方,Friendship place
147496833,,,"0.677,1,25,16777215,1593075758,1,ff4511ea,34568186652262471",七月九号麒麟小分队 趁没回归之前再看次,July 9th Kirin's team looked at the times before returning
147496833,,,"0.513,5,25,15138834,1598862949,1,7a8ba2f9,37602341562613767",大家！！！快跑啊！！！！！！！！！！！！！！！！！！！！！！！,Everyone!IntersectionIntersectionRun!IntersectionIntersectionIntersectionIntersectionIntersectionIntersectionIntersectionIntersectionIntersectionIntersectionIntersectionIntersectionIntersectionIntersectionIntersectionIntersectionIntersectionIntersectionIntersectionIntersectionIntersectionIntersection
147496833,,,"0.148,1,25,16777215,1612623560,1,352300eb,44816864896352259",现在跑还来得及！,It's too late to run now!
147496833,,,"0.379,1,25,16777215,1625225750,1,4af988ae,51424041838837765",救命 开头就好鬼畜,Just be a good ghost at the beginning of life
147496833,,,"0.399,1,25,16777215,1626443556,1,2ad6c01e,52062522942947331",00:14绝美吟唱我又拉回来听了一遍,00:14 I can pull it back and listen to it again
147496833,,,"0.979,1,25,16777215,1627804499,1,492fd416,52776048791126019",哈哈哈哈哈哈哈,Ha ha ha ha ha ha ha
147496833,,,"0.41,5,25,14811775,1628469114,1,cffbde8f,53151224048640000",不要笑挑战,Don't laugh at the challenge
147496833,,,"0.659,5,25,15138834,1629117341,1,ddf0b9dd,53491081863191552",恭喜你发现了我的宝藏up主(狗头),Congratulations to you found my treasure up master (dog head)
147496833,,,"0.738,1,25,16777215,1629367063,1,6124aac9,53622007793427968",我有点害怕,I am a little scared
147496833,,,"0.359,1,25,16777215,1629606647,1,d34caa93,53747618919140352",快跑孩子们,Run the children
147496833,,,"0.739,1,25,16777215,1639746501,1,ed5f640e,59063822850932224",作为一个过来人  走吧  别回来,"As a person who come, don't come back, don't come back"
147496833,,,"0.028,1,25,6372471,1644330069,1,1125f73e,983470917017985024",大小便失禁,Incontinence
147496833,,,"0.829,1,25,16777215,1661253328,1,70162182,1125433504289696512",经 典 咏 流 传,Classic Yongliu
147496833,,,"0.062,5,25,15138834,1662009437,11,83a27f3a,1131776207336296960",恭喜你发现宝藏,Congratulations on finding treasures
147496833,,,"0.879,1,25,16777215,1669022985,1,6a037488,1190610113841540096",快跑，别回头！,"Run, don't look back!"
147496833,,,"0.745,1,25,16707842,1672720821,1,73e95591,1221629806626704896",百   万    翻   唱,Mennon
147496833,,,"1.717,1,25,16777215,1580732320,1,2157a678,28096669955391492",哈哈哈哈哈哈哈笑疯,Hahahahaha ha ha ha hal crazy
147496833,,,"1.717,1,25,16777215,1580732320,1,2157a678,28096669955391492",哈哈哈哈哈哈哈笑疯,Hahahahaha ha ha ha hal crazy
147496833,,,"1.553,1,25,16777215,1580734298,2,724ce593,28097707519246402",该来的终究会来,It's time to come
147496833,,,"1.299,1,25,16777215,1580755815,1,d1b03d91,28108988218867716",？哈哈哈哈,IntersectionHa ha ha ha
147496833,,,"1.434,5,25,15138834,1580993962,1,1d07a22f,28233846038724608",再来一遍,do it again
147496833,,,"1.802,1,25,16777215,1580994849,1,84be0544,28234311144046592",第四遍了 我好像爱上了,I seem to fall in love in the fourth time
147496833,,,"1.877,1,25,16777215,1580995778,1,d0eec72a,28234797867859970",不知道第几遍了,I don't know how many times it is
147496833,,,"1.881,1,25,15138834,1581142561,1,1dfbe4ea,28311754752655424",祖                         安                         歌                          曲,Zu'an Song
147496833,,,"1.46,1,25,16777215,1581187681,1,84be0544,28335410261262340",一天不听就难受,It's uncomfortable not to listen a day
147496833,,,"1.938,1,25,16777215,1581341265,6,c395f3d9,28415932623749124",每日一刷,One day
147496833,,,"1.2,1,25,16777215,1581342148,1,c395f3d9,28416395638210560",逛了一圈还是深井冰最好笑哈哈哈,"After strolling around, it's still the fun of deep wellbing hahaha"
147496833,,,"1.259,1,25,16777215,1581733788,1,7eaa1804,28621727625904128",对不起我没忍住我又来了,I'm sorry I can't hold back me again
147496833,,,"1.689,1,25,16777215,1582037275,1,9aa75534,28780842369155076",我无耻的又来重温了,I am shameless and come to relive again
147496833,,,"1.84,1,25,16777215,1582436722,1,8cc6c78c,28990267797798912",降调真实,Tone
147496833,,,"1.679,1,25,16777215,1582729759,1,149471ef,29143903664340995",我现在看这个视频的次数已经超过原mv了哈哈哈哈,I have watched this video now that I have exceeded the original MV hahahahaha
147496833,,,"1.4,1,25,16777215,1583299271,9,357188d,29442491595358211",我的快乐源泉哈哈哈,My happy source hahaha
147496833,,,"1.893,1,25,16777215,1583304793,1,7867932e,29445386831659015",上头上头,Top
147496833,,,"1.688,1,25,16777215,1586580498,1,a44b1f74,31162799685632007",再来一遍，听着歌写作业笑出声,"Come again, listen to the song and write homework and laugh out"
147496833,,,"1.728,1,25,16777215,1586857041,1,917a2c2c,31307787996233733",我怎么就是放不下呢,Why can't I let go
147496833,,,"1.437,1,25,16777215,1587819719,1,177f86fe,31812508492759047",笑死我了哈哈哈哈哈哈哈哈,I laughed at me hahahahahahahahahaha
147496833,,,"1.303,5,25,15138834,1593156408,1,1bccbce1,34610470482608133",每天一遍 理智再见,See you once a day
147496833,,,"1.731,5,25,15138834,1598453381,11,dea668d1,37387610046857221",开 幕 雷 击,Starting Thunder Strike
147496833,,,"1.472,1,25,15772458,1598761749,1,3a7966f8,37549283387899907",深井冰这一句我一下笑出来,I laughed out of this phrase
147496833,,,"1.13,1,25,16777215,1612534234,1,706fac57,44770032148283399",天哪我还以为,"God, I thought"
147496833,,,"1.792,5,25,16777215,1625976850,1,13fda92e,51817834398351365",愣着干嘛 快跑啊！,Why are you running?
147496833,,,"1.859,1,25,16777215,1626279574,1,8752ad4c,51976548913250309",出不去了,Can't get out
147496833,,,"1.268,1,25,16777215,1648911161,1,d994fbd4,1021899901073693696",如听仙乐耳暂聋,Such as listening to Xianle Er temporary deafness
147496833,,,"1.659,1,25,15138834,1658901125,1,8917df39,1105701791820999680",hi又见面了,Hi met again
147496833,,,"2.418,1,25,16777215,1580871182,5,ab563115,28169474083389444",首页通知书,Homepage Notice
147496833,,,"2.842,1,25,16777215,1581914744,1,15f93036,28716600739233796",先笑为敬,Smile first to respect
147496833,,,"2.937,1,25,16777215,1582780638,7,def94e3a,29170578681757765",每天一遍防止抑郁哈哈哈哈哈,Prevent depression every day hahahahaha
147496833,,,"2.357,1,25,16777215,1582805691,1,c01d58f5,29183713749762053",哈哈哈哈我又来了,Hahahaha I am here again
147496833,,,"2.387,1,25,16777215,1583804970,1,25e9225e,29707623806795779",我又来了kkkkk,I'm here again kkkkk
147496833,,,"2.136,1,25,38979,1584507721,1,de0e5971,30076067633954819",每日一边防抑郁,Prevent depression every day
147496833,,,"2.407,5,25,15138834,1586410749,1,25e9225e,31073802323492871",爱情开始的地方,The beginning of love
147496833,,,"2.699,1,25,16777215,1586524359,1,ba06bc38,31133366913859591",每日一刷,One day
147496833,,,"2.15,1,25,16777215,1587223013,4,a21abf68,31499662697431043",每天一刷,Brush every day
147496833,,,"2.292,1,25,16777215,1589633973,1,846e3543,32763700203487235",百万助攻,Million assists
147496833,,,"2.613,1,25,16777215,1593945867,3,db56c74e,35024374361227269",每日必看最佳mv,The best MV every day
147496833,,,"2.44,5,25,16646914,1598328501,11,40047c21,37322136978718727",来  不  及  了,That's too late
147496833,,,"2.389,1,25,16777215,1602770343,1,38c0aead,39650941264199687",快跑啊，趁现在还来得及。,"Run, it is too late now."
147496833,,,"2.017,1,25,16777215,1611925435,1,a974208b,44450846125588483",梦开始的地方,Places where dreams start
147496833,,,"2.323,5,25,16707842,1612541028,1,c05dd6bd,44773593969065991",梦开始的地方,Places where dreams start
147496833,,,"2.035,1,25,16777215,1616931530,1,3bace5bc,47075481556090885",兄弟们赶紧跑，还来得及,"Brothers run quickly, but have time to come"
147496833,,,"2.259,1,25,16777215,1621731358,1,b88877dc,49591974053281795",每天一遍，防止抑郁,Once a day to prevent depression
147496833,,,"2.701,5,25,16707842,1626147687,1,1a7e2c5d,51907402213097475",神仙转音,Immortal transfers
147496833,,,"2.479,1,25,16707842,1627477566,1,b801aaa,52604641929068547",我他妈要笑死,I'm fucking to laugh to death
147496833,,,"2.139,1,25,16777215,1627804507,1,492fd416,52776052918321157",开屏雷击,Open screen lightning strike
147496833,,,"2.11,1,25,16777215,1636982446,1,271c109a,57614661646627840",每天一次,Once a day
147496833,,,"2.419,1,25,16777215,1652612041,1,8117790d,1052945138160095488",听了两年也还是喜欢,I still like it for two years
147496833,,,"2.2,1,25,16777215,1657602078,1,27e504dd,1094804603414818304",快跑。还来得及！,Run.You still have time!
147496833,,,"3.214,5,25,16777215,1580693388,1,4b7d2ebd,28076258619293696",开  屏  暴  击,Open the screen storm
147496833,,,"3.937,1,25,16777215,1580703567,1,2a035709,28081595616854018",？？？哈哈哈哈哈哈哈哈哈哈,IntersectionIntersectionIntersectionHahahahahahahahahahaha
147496833,,,"3.598,5,25,15138834,1580742388,1,7e5105fa,28101948739682308",开 幕 雷 击,Starting Thunder Strike
147496833,,,"3.655,1,25,16777215,1580756708,1,26490e57,28109456448421892",前方高能！,High energy in front!
147496833,,,"3.015,5,25,9487136,1580801866,1,ce98ea44,28133132206080000",天       籁       之       音,Sound of heaven
147496833,,,"3.593,5,25,15138834,1580822019,1,9e84f705,28143698062606340",世 界 级 美 声,World -level Meisheng
147496833,,,"3.616,1,25,16777215,1580884015,1,d759cd2d,28176201989226496",哈哈哈哈哈哈哈哈哈哈我来了,"Hahahahahahahahahahahaha, I'm here, I'm here"
147496833,,,"3.459,1,25,16777215,1580887117,1,d3c5d7c,28177828334796800",哈哈哈哈哈哈哈哈哈哈哈哈哈哈哈哈哈哈哈哈哈哈哈哈,Hahahahahahahahahahahahahahahahahahahahahahahahaha
147496833,,,"3.847,1,25,16777215,1581026169,1,b54acb14,28250731651792896",开口及裂开,Open and crack
147496833,,,"3.051,1,25,16777215,1581097458,1,bf7f39c4,28288107689803780",上次没听完就要笑死了现在我要挑战,I'm going to laugh at the last time I didn't finish it. Now I want to challenge
147496833,,,"3.742,1,25,16777215,1581183827,1,e5efcdc9,28333390135558148",hhhhhhhhhhhhhhhhhh,Hhhhhhhhhhhhhhhhhhhhhhhhhhh
147496833,,,"3.312,5,25,16646914,1581335601,1,3ad752d9,28412963010904132",心    肺    停    止,Cardiopulmonary stop
147496833,,,"3.545,1,25,16707842,1581348165,1,892f9f4f,28419550157471746",神仙哼唱,Fairy Humming
147496833,,,"3.254,1,25,16777215,1581405760,1,93ced413,28449746634407936",哈哈哈哈哈哈,Hahahahahahaha
147496833,,,"3.531,1,25,16777215,1581406104,1,65edeb1f,28449927021985792",再来亿遍,Come again 100 million times
147496833,,,"3.454,5,25,15138834,1581610141,11,c80a28af,28556901070929924",如  听  仙  乐  耳  暂  明,Listening to Xianle Ear for a long time
147496833,,,"3.452,5,25,16707842,1581675683,1,892f9f4f,28591264495566850",开口跪,Kneel
147496833,,,"3.452,5,25,16707842,1581675693,1,892f9f4f,28591269594791936",开口跪,Kneel
147496833,,,"3.452,5,25,16777215,1581675736,1,892f9f4f,28591292019113988",开口跪 开口跪,Kneel on your mouth
147496833,,,"3.721,1,25,16707842,1581780883,1,437b24f0,28646419242942464",嗨 爷～,Hi Lord ~
147496833,,,"3.492,5,25,15138834,1581913302,1,69870251,28715844718559236",开   幕   雷   击,Starting Thunder Strike
147496833,,,"3.255,1,25,16777215,1582244509,1,1664624b,28889492869349378",我又来了,I am coming again
147496833,,,"3.055,1,25,16777215,1582355108,1,65edeb1f,28947478235054080",哈哈哈哈哈哈哈哈哈哈哈哈又来了,Hahahahahahahahaha ha ha ha ha ha ha ha ha ha ha ha ha ha ha ha is here again
147496833,,,"3.289,1,25,16777215,1582629949,1,d624f0d5,29091574184411139",脑袋都笑掉了,The head laughed
147496833,,,"3.941,1,25,16777215,1582715376,4,29e17db7,29136362924408839",xiao笑死我了,xiao laughed at me
147496833,,,"3.305,1,25,16777215,1582862609,1,266fa9d9,29213555262750725",开口跪,Kneel
147496833,,,"3.329,5,25,16707842,1582887765,1,f61bbd3c,29226744032526339",开口跪,Kneel
147496833,,,"3.3,1,25,16777215,1583561866,1,2ad6c01e,29580167058817029",哈哈哈哈哈哈哈哈,Ha ha ha ha ha ha ha ha
147496833,,,"3.226,1,25,16707842,1583731059,1,15f93036,29668873214623751",骂人曲:深井冰~,Scolding song: Deep Well Bing ~
147496833,,,"3.843,5,25,16777215,1584425214,1,b8d1bcb2,30032810460839939",开口跪 太绝了,Kneeling is too bad
147496833,,,"3.262,1,25,16777215,1584447959,1,4be91e4e,30044735434915845",甜 美 转 音,Sweetness
147496833,,,"3.042,1,25,16777215,1586073702,1,fe4d29aa,30897092796350467",从爱射来的,From love
147496833,,,"3.3,5,25,16646914,1586321052,1,eaad22c6,31026775221862403",向百万播放量冲啊！！！,Play the amount of one million!IntersectionIntersection
147496833,,,"3.672,1,25,16777215,1590569321,1,3ed6f973,33254091593351171",是走流程还是直接笑,Is it a way to walk or laugh directly
147496833,,,"3.255,1,25,16777215,1590650003,1,846dc558,33296392352956419",哈哈哈哈哈哈,Hahahahahahaha
147496833,,,"3.737,1,25,16777215,1591979708,1,2fe585c9,33993540607934469",我先笑为敬,I laughed first to respect
147496833,,,"3.571,5,25,16646914,1594383247,1,9e84f705,35253687631740931",世   界   级   美    声,World -level Meisheng
147496833,,,"3.453,1,25,16777215,1598446022,1,db56c74e,37383751522582531",我从人间活菩萨回来了！！！,I am back from the living bodhisattva!IntersectionIntersection
147496833,,,"3.513,1,25,16777215,1598850838,1,c78571cb,37595991715610627",梦开始的地方,Places where dreams start
147496833,,,"3.425,1,25,16777215,1605708994,1,4dbeaa40,41191640654675971",哈哈哈哈哈,Hahahahaha
147496833,,,"3.312,5,25,13369971,1612358480,1,7025da32,44677886470782979",这不比原唱好听（doge),This is not better than the original singing (Doge)
147496833,,,"3.711,1,25,16777215,1612968180,1,a1c61096,44997544593850375",成名曲,Fame
147496833,,,"3.966,1,25,16777215,1627134682,1,e1cb4bed,52424871665729541",已经忘记原唱,I have forgotten the original singing
147496833,,,"3.782,1,25,16777215,1629808195,1,2a1cceb2,53853288121790976",再来亿遍,Come again 100 million times
147496833,,,"3.059,1,25,16777215,1648967015,1,b92b2a39,1022368439936806912",我是从hip来的哈哈哈哈哈,I came from HIP hahahahahaha
147496833,,,"3.908,1,25,16777215,1663251613,1,cab44e42,1142196335873892864",万恶之源,Root of all evil
147496833,,,"3.603,1,25,16777215,1665119919,1,b44d6398,1157868821072243200",欢   迎   回   家,Welcome home
147496833,,,"3.819,1,25,16777215,1674686135,1,e642403c,1238116053758871040",看到封面绷不住了,I can't hold it when I see the cover
147496833,,,"4.802,1,25,16777215,1580664265,1,b55c51d5,28060990018945024",哈哈哈哈哈哈哈哈哈哈,Hahahahahahahahahahaha
147496833,,,"4.258,1,25,16777215,1580739995,1,fb6db7b7,28100694000009218",哈哈哈哈哈哈哈哈哈哈,Hahahahahahahahahahaha
147496833,,,"4.012,1,25,16777215,1580744132,1,212ab7ad,28102863298756610",对不起我笑了,I'm sorry I laughed
147496833,,,"4.932,1,25,16777215,1580744207,1,212ab7ad,28102902672261122",挑战听完全曲开始,Challenge Listening Full Songs Start
147496833,,,"4.106,1,25,16777215,1580812529,1,9b40666a,28138723019849730",哈哈哈哈哈真的神经病了,Hahahahaha is really neurotic
147496833,,,"4.172,1,25,16777215,1580888877,1,f46e6f39,28178751308693506",哈哈哈哈哈哈哈哈哈,hahahahahahahaha
147496833,,,"4.712,1,25,16777215,1580893423,1,c9010bdd,28181134402125824",开口脆,Crispy
147496833,,,"4.724,5,25,15138834,1580907777,1,cbf62cc8,28188660104429570",我又来受死了,I'm here to die again
147496833,,,"4.831,1,25,16777215,1580972638,1,57e39ac9,28222666177511424",谢谢，有被吓到,"Thank you, I was surprised"
147496833,,,"4.122,1,25,16777215,1581167802,1,39df7f88,28324988176564224",开口跪哈哈,Kneel on your mouth haha
147496833,,,"4.493,5,25,15138834,1581181447,1,dfe6318a,28332141988282370",不笑挑战我先败为敬大哥你们上,"Don't laugh and challenge, I will defeat first to respect, respect your big brothers"
147496833,,,"4.808,1,25,16777215,1581272361,1,b76bb15b,28379807188779010",每日一遍，防止抑郁,Once daily to prevent depression
147496833,,,"4.745,1,25,16777215,1581278120,11,5ccd17d9,28382826422337540",助眠神曲,Sleeping Divine Comedy
147496833,,,"4.353,5,25,15138834,1581402626,1,b6f0afec,28448103474397186",震   惊   四   座,Shocking
147496833,,,"4.63,5,25,14811775,1581687566,1,25346a11,28597494202499074",此曲只应天上有,This song should only be in the sky
147496833,,,"4.129,5,25,41194,1581783748,1,4797a3a9,28647921167630340",开屏雷击,Open screen lightning strike
147496833,,,"4.113,1,25,16777215,1581832701,1,892f9f4f,28673586980454400",每天听一遍,Listen every day
147496833,,,"4.661,1,25,16777215,1582090662,1,4a079ac5,28808832514785282",哈哈哈哈哈哈,Hahahahahahaha
147496833,,,"4.062,5,25,14811775,1582288641,1,47cfb89a,28912630403956736",心       肺        骤         停,Heart and lung stop
147496833,,,"4.073,1,25,16777215,1582623449,1,dc2caf92,29088166435618819",太上头了,Too too much
147496833,,,"4.443,1,25,16777215,1583312901,1,21f3e2a1,29449637973196803",绝了 原版都比不上,It's not as good as the original version
147496833,,,"4.583,1,25,16777215,1583762912,1,f3a4f39e,29685573284790279",再来一次哈哈哈,A again hahaha again
147496833,,,"4.747,1,25,16777215,1584073978,1,6c83cefb,29848661240840195",哈哈哈哈哈哈哈,Ha ha ha ha ha ha ha
147496833,,,"4.441,1,25,16777215,1586504476,1,3e8a0f45,31122942076125191",哈哈哈哈哈,Hahahahaha
147496833,,,"4.687,1,25,16777215,1588581447,9,ff4511ea,32211873263255555",新人快跑！！,Newcomer run!Intersection
147496833,,,"4.542,1,25,16777215,1590150263,1,c5d3ad21,33034384923164679",开屏雷击,Open screen lightning strike
147496833,,,"4.722,1,25,16777215,1595826267,1,868f9fc9,36010245683675139",嗯？我怎么又来了,Um?Why am I here again
147496833,,,"4.213,1,25,16777215,1598850851,1,c78571cb,37595998740021255",经典永流传,Classic forever circulation
147496833,,,"4.639,1,25,8700107,1612526827,9,3b54d865,44766148917460997",从aespa过来的,Come from AESPA
147496833,,,"4.739,1,25,16777215,1627793844,1,f7b36ebc,52770462388191237",哈哈哈哈哈哈哈,Ha ha ha ha ha ha ha
147496833,,,"4.771,1,25,16777215,1629394197,1,afd46e9a,53636233726508544",开口碎,Fragile
147496833,,,"4.252,1,25,16777215,1651684300,1,4144aeeb,1045162675707266304",成名作,Fame
147496833,,,"5.313,1,25,16777215,1580696340,1,e04c348c,28077806599536640",像极了我在唱歌的时候,It's like when I'm singing
147496833,,,"5.238,1,25,16777215,1580708368,1,2303a439,28084112393240578",哈哈哈哈哈哈哈哈哈哈哈哈哈哈哈哈哈哈哈就哈哈哈哈哈哈,Hahahahahahahahahahahahahahahahahahahahahahahahahahahahahahahahahahahahaha
147496833,,,"5.777,1,25,16777215,1580736467,1,28d21e6f,28098844366471170",很好很好很好,"Very good, good, very good"
147496833,,,"5.274,1,25,16777215,1580819431,1,d292ca2a,28142341562302464",哈哈哈哈哈哈哈哈哈,hahahahahahahaha
147496833,,,"5.008,1,25,6830715,1580820378,1,d3a881a7,28142838156886016",噗哈哈哈哈传说中的开口脆吗哈哈哈哈哈哈,Puff hahahaha?
147496833,,,"5.199,1,25,14811775,1580822720,1,c4eafa1e,28144065994817538",哈哈哈哈哈哈哈哈哈哈哈哈哈哈哈哈我先笑为敬,"Hahahahahahahahahahahahahahahahahahaha, I laughed first to respect"
147496833,,,"5.417,1,25,16777215,1580833764,1,22b90872,28149855837749250",开幕雷击,Open lightning strike
147496833,,,"5.492,1,25,16777215,1580838250,1,cbb19f9,28152208192176130",什么神经病，明明是疯婆娘,What neuropathy is obviously a crazy woman
147496833,,,"5.734,1,25,16777215,1580886127,1,b2bed43,28177309602676740",再来亿遍,Come again 100 million times
147496833,,,"5.366,1,25,16777215,1580929977,1,2c387deb,28200299548114946",哈哈哈哈哈哈哈哈哈哈哈哈哈哈哈哈哈有被冒犯到,Hahahahahahahahahahahahahahaha ha ha ha ha ha ha ha ha ha ha ha ha ha ha ha ha ha ha ha ha ha ha ha ha ha ha ha ha ha ha ha ha ha ha ha ha ha ha ha ha ha ha ha ha ha ha ha ha ha ha ha ha ha ha ha ha to be offended
147496833,,,"5.826,5,25,41194,1580984309,1,90915b15,28228785080369152",海燕～,Haiyan ~
147496833,,,"5.293,5,25,38979,1581051834,1,25346a11,28264187586150404",绝     美        唱      腔,Beautiful singing cavity
147496833,,,"5.757,5,25,14811775,1581051876,1,25346a11,28264209653432320",花    腔    王   者,King
147496833,,,"5.189,1,25,16777215,1581147803,1,892f9f4f,28314503156858880",哈哈哈哈哈哈哈哈哈,hahahahahahahaha
147496833,,,"5.512,1,25,16777215,1581305512,1,2e408863,28397187857645568",灵魂歌手,Soul singer
147496833,,,"5.43,5,25,16777215,1581329357,1,e2385f34,28409689732022276",开口跪,Kneel
147496833,,,"5.478,1,25,16777215,1581362087,1,8811ad2d,28426849685602304",开幕雷击,Open lightning strike
147496833,,,"5.158,1,25,16777215,1581450029,1,f2d26855,28472956601499648",再来亿遍,Come again 100 million times
147496833,,,"5.142,1,25,16777215,1581588372,1,91d3df02,28545488162652162",天籁之音,Sound of heaven
147496833,,,"5.812,5,25,15138834,1581913314,1,69870251,28715851139514370",心  脏  骤  停,Survival stop
147496833,,,"5.491,5,25,15138834,1582072323,1,9e84f705,28799217910153218",世  界  级  美  声,World -level Meisheng
147496833,,,"5.222,1,25,16777215,1582100259,1,f055d152,28813864290222082",一天一遍,Once a day
147496833,,,"5.577,1,25,16777215,1582282917,1,bd09e460,28909629579722754",哈哈哈哈哈哈哈哈,Ha ha ha ha ha ha ha ha
147496833,,,"5.751,1,25,16777215,1582289594,1,83dfc43a,28913130389110788",哈哈哈哈哈哈哈哈哈哈,Hahahahahahahahahahaha
147496833,,,"5.364,5,25,16707842,1582331425,1,27c757ff,28935061723152386",开口跪,Kneel
147496833,,,"5.814,1,25,16777215,1582354924,1,e26835b8,28947381908144130",哈哈哈哈哈哈哈哈,Ha ha ha ha ha ha ha ha
147496833,,,"5.114,1,25,16777215,1582950020,1,3928f14d,29259383642783747",开口跪！！！！,Kneeling!IntersectionIntersectionIntersection
147496833,,,"5.313,1,25,16777215,1583578607,1,104b9ed2,29588944403824647",哈哈哈哈哈哈哈哈哈哈哈,hahahahahahahahahahaha
147496833,,,"5.535,1,25,16777215,1583649824,1,899ab1f3,29626282419945475",哈哈哈哈哈,Hahahahaha
147496833,,,"5.245,1,25,16777215,1584960371,1,cd8c289,30313386476044291",开口跪,Kneel
147496833,,,"5.985,1,25,16646914,1585013155,1,25e9225e,30341060299849731",每天一遍，烦恼再见,"See you once a day, see you"
147496833,,,"5.905,1,25,16777215,1585102609,1,e56270fa,30387960544755719",偶买噶,Come on Karma
147496833,,,"5.683,1,25,16777215,1585372513,1,fc8d15f6,30529467904950279",每天一遍以防抑郁,It is time to prevent depression every day
147496833,,,"5.67,5,25,11890,1586265056,1,a9e673f3,30997417508732933",开   口   跪,Kneel
147496833,,,"5.67,5,25,15138834,1587387979,1,de961027,31586152092270599",每日亿遍，烦恼不见,"Billion times a day, the troubles are gone"
147496833,,,"5.121,1,25,16777215,1589242268,1,7e378d57,32558333856055301",每天一次,Once a day
147496833,,,"5.881,5,25,16776960,1592683884,1,122f02d3,34362731651399683",开  口  跪,Kneel
147496833,,,"5.02,1,25,15138834,1601874558,1,322a6734,39181292117426179",入坑神曲，谢谢UP主让我重新认识了红贝贝,"Enter the pit divine song, thank you UP Lord for letting me re -know Hongbei"
147496833,,,"5.505,1,25,16777215,1610360252,1,8e8bec93,43630239410552837",麻了一下就笑了,Laughing after a bit
147496833,,,"5.001,1,25,16777215,1611295637,9,b916e7c7,44120650517839875",我还是赶紧逃吧……,I still run away quickly ...
147496833,,,"5.339,5,25,15138834,1621067597,1,5cc59d1a,49243972019159047",百万直拍,Direct shooting
147496833,,,"5.169,1,25,16777215,1626182884,1,f91d6148,51925855621349381",哈哈哈哈哈哈,Hahahahahahaha
147496833,,,"5.759,1,25,16777215,1627291219,1,bf2e32c4,52506942088675331",哈哈哈哈哈哈哈哈哈,hahahahahahahaha
147496833,,,"5.579,1,25,16777215,1627814073,1,c78571cb,52781068348030983",绝美哼唱,Beautiful hum
147496833,,,"5.885,1,25,16777215,1632302094,1,4500be9b,55160809571159040",所以英国人听就这感觉是吧,"So the British feel this feelings, right?"
147496833,,,"5.138,1,25,16777215,1638106819,1,ef75d466,58204157045790720",哈哈哈哈哈,Hahahahaha
147496833,,,"5.349,5,25,13369971,1647914258,1,534f431e,1013537278347497984",开屏雷击,Open screen lightning strike
147496833,,,"5.811,5,25,16707842,1651316457,1,e4764d92,1042076986971207168",声音阴阴的,Vocal
147496833,,,"5.499,1,25,16777215,1661518599,1,c1ac278f,1127658755165843456",哈哈哈哈,Ha ha ha ha
147496833,,,"5.839,1,25,16777215,1685521004,1,4eb661da,1329005528017672448",【Red Velvet】进入直播间,[Red Velvet] Enter the live broadcast room
147496833,,,"6.665,1,25,16777215,1580659945,1,d3e07a46,28058724733026306",xswl哈哈哈哈哈哈,xswl ha ha ha ha ha ha ha
147496833,,,"6.091,1,25,16777215,1580699638,1,3c81e3d6,28079535678816256",哈哈哈哈哈哈哈,Ha ha ha ha ha ha ha
147496833,,,"6.198,1,25,16777215,1580727991,7,813b58e2,28094400421167104",从空间来的,From space
147496833,,,"6.87,1,25,16777215,1580742505,1,b2af6c3d,28102009937199106",？？？？什么鬼哈哈哈哈哈哈,IntersectionIntersectionIntersectionIntersectionWhat ghost hahahahahahaha
147496833,,,"6.51,1,25,16777215,1580753111,1,8b4e3d61,28107570601263104",？？？？？？？？,？？？？？？？？
147496833,,,"6.523,1,25,16777215,1580786162,1,eb2c1afb,28124898648915970",开 幕 雷 击,Starting Thunder Strike
147496833,,,"6.739,1,25,16777215,1580798372,1,d7893f79,28131300268834816",哈哈哈哈,Ha ha ha ha
147496833,,,"6.198,1,25,16777215,1580812924,1,9451558d,28138930045976580",哈哈哈哈哈哈哈哈哈哈哈哈,Hahahahahaha
147496833,,,"6.4,1,25,16777215,1580820342,1,d3a881a7,28142819317645312",噗哈哈哈哈哈哈哈开口脆哈哈哈哈,Puff hahahahahahaha
147496833,,,"6.92,1,25,16777215,1580842160,1,27f7653,28154258213306368",神经病啊！窒息了吗,are you crazy!Is it suffocating?
147496833,,,"6.119,1,25,16777215,1580874863,1,8b5ecfe,28171404006916100",哈哈哈哈哈哈哈哈哈哈,Hahahahahahahahahahaha
147496833,,,"6.991,1,25,16777215,1580917367,1,f2d7548b,28193687883218946",笑笑有被谢到,Laughing and being thanked
147496833,,,"6.913,1,25,16777215,1581008649,1,4e2d4d6a,28241546102964224",哈哈哈哈哈哈哈，我的妈呀,"Hahahahahahaha, my mother"
147496833,,,"6.311,1,25,16777215,1581069154,1,91d3df02,28273268266893312",天籁之音,Sound of heaven
147496833,,,"6.002,1,25,16777215,1581071466,1,772a43f6,28274480295968768",开口聋,Deaf
147496833,,,"6.733,1,25,16777215,1581091209,1,b9888eab,28284831597068288",别开腔，自己人,"Don't open, you"
147496833,,,"6.373,1,25,16777215,1581227264,1,397c3b8,28356163479273474",草哈哈哈哈哈,Caohahahahaha
147496833,,,"6.602,1,25,16777215,1581519290,1,6fa19e8b,28509269060485120",明天一遍,Tomorrow
147496833,,,"6.239,5,25,16707842,1581780848,1,437b24f0,28646401145569284",嗨 爷～,Hi Lord ~
147496833,,,"6.261,5,25,15138834,1582013451,1,f7765b4,28768351775358980",海燕～,Haiyan ~
147496833,,,"6.893,1,25,16777215,1582182867,1,d94ae1a9,28857174495068160",哈哈哈哈哈哈哈哈哈哈哈哈哈,Hahahahahahahahahahahahahahahahaha
147496833,,,"6.155,1,25,15138834,1582731750,1,4b9c2e3d,29144947456212997",伤口给老子笑裂了,The wound smiled for Lao Tzu
147496833,,,"6.624,1,25,16777215,1582788596,1,1e33ccf9,29174751161745415",哈哈哈哈哈哈哈,Ha ha ha ha ha ha ha
147496833,,,"6.002,1,25,16777215,1582915604,1,860e68ca,29241339820376067",哈哈哈哈哈,Hahahahaha
147496833,,,"6.573,1,25,16777215,1582964600,1,47890d33,29267027945324551",再来亿遍,Come again 100 million times
147496833,,,"6.828,1,25,16777215,1583204414,1,15f47717,29392759687741443",盒盒盒盒盒盒,Box box box box
147496833,,,"6.645,1,25,16777215,1583310967,1,2cc6be76,29448623750643719",哈哈哈哈哈哈哈哈哈哈哈,hahahahahahahahahahaha
147496833,,,"6.333,1,25,16777215,1584846428,1,966689ca,30253647855616007",哈哈哈哈哈哈哈哈哈哈哈哈,Hahahahahaha
147496833,,,"6.253,1,25,16777215,1586349367,1,880cedac,31041620420329475",哈哈哈哈哈哈哈哈哈,hahahahahahahaha
147496833,,,"6.342,5,25,15138834,1586613306,1,25e9225e,31180000356990979",祖安红毛在线骂人,Zuan Hongmao Online Cursing
147496833,,,"6.453,1,25,16777215,1586770014,1,f84c8c6,31262160723640325",每天一遍防止抑郁,Prevent depression once a day
147496833,,,"6.07,1,25,16777215,1587129969,1,23105aa8,31450880778174471",每天一遍,Once a day
147496833,,,"6.809,1,25,16777215,1587194761,1,ad2b354c,31484850331451395",哈哈哈哈,Ha ha ha ha
147496833,,,"6.013,1,25,16777215,1588603875,1,397c3b8,32223632130834435",神仙高音,Fairy treble
147496833,,,"6.685,1,25,16777215,1593947254,1,eb93776b,35025101447495751",再来亿遍,Come again 100 million times
147496833,,,"6.154,1,25,16777215,1596514479,1,c9ac4833,36371066972536835",爱情开始的地方,The beginning of love
147496833,,,"6.907,1,25,16777215,1613623413,1,c9010bdd,45341075744227335",甜美蜜嗓,Sweet honey throat
147496833,,,"6.639,1,25,14811775,1625922181,1,c8b1c899,51789172174749703",2021进入下半年了，我还在听,"2021 has entered the second half of the year, I am still listening"
147496833,,,"6.699,1,25,16777215,1627376981,1,856ae8e5,52551906333032451",这是漏气了吗救命哈哈哈哈哈,Is this a leak? Help hahahahahaha
147496833,,,"6.482,1,25,16777215,1627963288,1,769d40bb,52859299742351365",哈哈哈哈哈哈好哈哈哈哈,Hahahahahahahahahahahaha
147496833,,,"6.73,1,25,16777215,1629096785,1,fbdf0795,53480304317808128",哈哈哈哈哈哈,Hahahahahahaha
147496833,,,"6.771,5,25,16646914,1629439759,1,c4484b35,53660121719471616",全 文 背 诵,Full text recitation
147496833,,,"6.139,5,25,16707842,1629632273,1,be5e5922,53761054358101504",神   仙    美    声,God Xian Meisheng
147496833,,,"6.619,1,25,16777215,1630244540,1,987caabf,54082058597268480",《哼唱》,"""Humming"""
147496833,,,"6.141,1,25,16777215,1645251421,1,7865e8ed,991199782323888128",哈哈哈哈哈哈哈哈哈哈哈哈哈,Hahahahahahahahahahahahahahahahaha
147496833,,,"7.72,1,25,16777215,1580672584,1,fd8a1caf,28065351317061634",哈哈哈哈哈哈哈哈哈,hahahahahahahaha
147496833,,,"7.103,1,25,16777215,1580734789,9,280678b2,28097964550389762",火钳刘明,Fire Pie Liu Ming
147496833,,,"7.127,1,25,16777215,1580744251,11,212ab7ad,28102925306822656",挑战听完全曲开始,Challenge Listening Full Songs Start
147496833,,,"7.686,1,25,16777215,1580748069,1,4c2a2d27,28104927325716482",再来一遍,do it again
147496833,,,"7.785,1,25,16777215,1580753117,1,fb083870,28107574000746498",哈哈哈哈哈,Hahahahaha
147496833,,,"7.145,1,25,16777215,1580802613,1,112c2767,28133524219887616",哈哈哈哈哈哈哈哈哈哈哈哈哈救命啊哈哈哈哈,Hahahahahahahahahahahahahahaha
147496833,,,"7.912,1,25,16777215,1580806121,1,2956c0a4,28135362952953858",开口跪哈哈哈哈哈哈哈哈,Kneel on your mouth ha ha ha ha ha ha ha ha ha
147496833,,,"7.286,1,25,16777215,1580910824,1,4fbd4c42,28190257804476418",再来一遍,do it again
147496833,,,"7.928,1,25,16777215,1580977985,1,9bb18a5d,28225469636149248",哈哈哈哈哈哈哈,Ha ha ha ha ha ha ha
147496833,,,"7.035,1,25,16777215,1580983303,1,fd6afe6,28228257446887426",我上头了,I'm on it
147496833,,,"7.169,1,25,16777215,1581046241,1,1ed569ba,28261254983319556",tm哈哈哈哈哈哈哈哈哈哈,tm ha ha ha ha ha ha ha ha ha ha ha ha ha
147496833,,,"7.133,1,25,16777215,1581072307,1,1dac9eab,28274921125707778",开口雷击,Open lightning strike
147496833,,,"7.326,5,25,16707842,1581176905,1,9e84f705,28329760953729028",世  界  级  美  声,World -level Meisheng
147496833,,,"7.111,1,25,16707842,1581320832,1,b9442d77,28405219905765378",你再骂！？？,You scold again!IntersectionIntersection
147496833,,,"7.324,1,25,16777215,1581413675,1,5b8123c6,28453896693219328",哈哈哈哈哈哈哈哈哈哈,Hahahahahahahahahahaha
147496833,,,"7.101,1,25,16777215,1581616359,1,762dcd00,28560161341702146",断 气 唱 法,Qi singing method
147496833,,,"7.69,1,25,16777215,1582263994,6,cab5b0c1,28899708721692672",每天一遍,Once a day
147496833,,,"7.921,1,25,16777215,1582301206,1,bd1ad631,28919218249400320",哈哈哈哈哈哈哈哈,Ha ha ha ha ha ha ha ha
147496833,,,"7.293,5,25,16707842,1582682925,1,dee95d1c,29119349207334919",开口跪,Kneel
147496833,,,"7.926,1,25,16777215,1582709805,1,e0e53338,29133442022113285",哈哈哈哈哈哈哈哈哈哈,Hahahahahahahahahahaha
147496833,,,"7.592,1,25,16777215,1583126525,1,7c4e1473,29351923312230405",哈哈哈哈哈哈哈哈哈哈,Hahahahahahahahahahaha
147496833,,,"7.827,1,25,16777215,1583754350,1,7f4c4c29,29681084135374851",哈哈哈哈哈哈哈哈哈哈哈哈,Hahahahahaha
147496833,,,"7.569,1,25,16777215,1585470043,1,ac658252,30580601505972231",注入灵魂,Soul
147496833,,,"7.653,1,25,16777215,1586680926,1,563d59da,31215453197041671",这视频居然要百万播放了，看来各位在家里都很无聊啊(bushi),"This video actually costs millions, it seems that you are boring at home (bushi)"
147496833,,,"7.783,1,25,16777215,1587315455,1,e1f0140c,31548128864239621",你不要过来啊啊啊,Don't come here
147496833,,,"7.897,5,25,16646914,1587445028,1,e8b2c41b,31616062570627075",你再骂?,Do you scold again?
147496833,,,"7.363,1,25,16777215,1589683747,1,12ce02c3,32789796039950343",百万助攻,Million assists
147496833,,,"7.262,1,25,16777215,1591428933,1,ffea7e15,33704776063516679",哈哈哈哈哈哈哈哈哈,hahahahahahahaha
147496833,,,"7.644,1,25,16777215,1598629075,1,89609821,37479724057362439",再来一遍,do it again
147496833,,,"7.469,1,25,16777215,1600191570,1,c8421537,38298921300131845",？,？
147496833,,,"7.882,1,25,16777215,1601957564,1,87536968,39224810893475847",这转音出来的时候我身子抖了一下,"When I came out, I shook my body for a while"
147496833,,,"7.266,1,25,16777215,1604306734,1,48f50dfc,40456452665507845",哈哈哈哈哈哈哈,Ha ha ha ha ha ha ha
147496833,,,"7.062,1,25,16777215,1612368971,1,6998264a,44683386580107271",开口跪,Kneel
147496833,,,"7.569,1,25,16777215,1612881847,1,258b9516,44952281505333255",？？？？？？？？,？？？？？？？？
147496833,,,"7.659,1,25,16777215,1626271755,1,8752ad4c,51972449690451973",哈哈哈哈,Ha ha ha ha
147496833,,,"7.298,5,25,16707842,1635688030,11,bcce773f,56936014912157184",好像掐着自己肉唱出来的绝美转音,It seems to be a beautiful transposition that sings my own meat
147496833,,,"7.619,1,25,16777215,1665769310,1,9d60d227,1163316305814952192",听起来好困啊,It sounds sleepy
147496833,,,"7.892,1,25,16777215,1673509296,1,33723464,1228244017297595648",开   口   脆,Crispy
147496833,,,"8.952,1,25,16777215,1580666970,1,775fb197,28062408006172672",哈哈哈哈哈,Hahahahaha
147496833,,,"8.263,1,25,16777215,1580700299,1,2931c7e7,28079881946923008",哈哈哈哈哈,Hahahahaha
147496833,,,"8.111,1,25,16777215,1580734210,2,9b63a9c5,28097660884877312",来增加弹幕哈哈哈哈哈哈哈哈哈哈哈哈,Let's increase the barrage hahahahahahahahahahahahahahahaha
147496833,,,"8.291,1,25,16777215,1580784166,1,f6fd86fd,28123852705890304",哈哈哈哈哈哈哈哈哈,hahahahahahahaha
147496833,,,"8.485,1,25,16777215,1580797657,5,5cb01ad0,28130925693370372",宝藏up,Treasure UP
147496833,,,"8.491,1,25,16777215,1580810582,1,1fb65785,28137701899763716",哈哈哈哈哈哈哈哈哈哈哈哈哈哈,Hahahahahahahahahahahahahahahahaha
147496833,,,"8.778,1,25,16777215,1580817058,1,91656ec3,28141097200386048",？？？？,？？？？
147496833,,,"8.568,1,25,16777215,1580819944,1,b7ef48a2,28142610515230784",上头,On top of
147496833,,,"8.518,1,25,16777215,1580833511,1,3ea5319f,28149723208089602",开口聋,Deaf
147496833,,,"8.898,1,25,16777215,1580835748,1,14cc38b0,28150896221749250",再来一遍,do it again
147496833,,,"8.531,1,25,16777215,1580890470,1,4b60be1c,28179586574974976",每日一遍,Once a day
147496833,,,"8.879,1,25,16777215,1580909647,1,bea5fbbd,28189640748957696",对不起我听了三遍还没能出去,"I'm sorry, I listened to it three times and I haven't been able to go out"
147496833,,,"8.933,1,25,16777215,1580927134,1,5ba6e418,28198808861016064",好活，当赏,"Good live, be a reward"
147496833,,,"8.678,1,25,16777215,1580989098,1,fd7b13f0,28231295963758594",哈哈哈哈哈,Hahahahaha
147496833,,,"8.572,5,25,15138834,1580993747,1,1d07a22f,28233733055184896",哈哈哈哈笑得老子姨妈血乱彪,Hahahaha haha laughed so much that Lao Tzu was bloody
147496833,,,"8.672,1,25,16777215,1581047166,1,3363b21,28261739972263938",？？？？？？,？？？？？？
147496833,,,"8.373,1,25,16777215,1581057068,1,3c1889a5,28266931749912580",哈哈哈哈哈,Hahahahaha
147496833,,,"8.971,1,25,16777215,1581345933,1,c049ccb7,28418379980210176",第一次被骂还笑得像头猪一样,The first time I was scolded and laughed like a pig
147496833,,,"8.725,1,25,16777215,1581518656,1,6f78af18,28508936964407296",哈哈哈哈哈哈哈哈哈哈哈哈,Hahahahahaha
147496833,,,"8.546,1,25,16777215,1581592990,1,e5d42ba6,28547908862738434",前方高能,High energy ahead
147496833,,,"8.994,1,25,16777215,1581686731,1,d47dd44b,28597056562003970",哈哈哈哈哈,Hahahahaha
147496833,,,"8.581,1,25,16777215,1582087323,1,45413efe,28807082246930436",防止抑郁,Prevent depression
147496833,,,"8.24,1,25,41194,1582181717,1,743facaa,28856571764670464",神经病哈哈哈,Neuropathy hahaha
147496833,,,"8.343,1,25,16777215,1582668711,1,df134c4,29111896507940871",哈哈哈哈哈哈哈,Ha ha ha ha ha ha ha
147496833,,,"8.354,1,25,9033215,1583071918,1,bde0fcd4,29323293456596999",我孙老师实力主唱有被冒犯到哈哈哈哈,My Sun's strength lead singer is offended to hahahahaha
147496833,,,"8.472,1,25,16777215,1583282322,1,7537ffe,29433605506203655",哈哈哈哈哈哈,Hahahahahahaha
147496833,,,"8.787,1,25,16777215,1583943549,1,9ac36858,29780279192715271",哈哈哈哈哈哈哈哈哈,hahahahahahahaha
147496833,,,"8.442,1,25,16777215,1584073981,1,6c83cefb,29848663200104451",哈哈哈哈哈哈哈,Ha ha ha ha ha ha ha
147496833,,,"8.704,1,25,16777215,1584248673,1,85cb11ef,29940252106817543",哈哈哈哈哈哈哈哈哈,hahahahahahahaha
147496833,,,"8.116,5,25,15138834,1584597540,1,404d6836,30123158797287427",绝美高音,Beautiful treble
147496833,,,"8.644,1,25,16777215,1584615616,1,80272f5b,30132635754299395",哈哈哈哈哈哈哈哈哈哈,Hahahahahahahahahahaha
147496833,,,"8.359,1,25,16777215,1585323548,1,fe9dbf66,30503795813253123",哈哈哈啊哈哈哈哈哈哈哈哈哈哈,Hahaha ha ha ha ha ha ha ha ha ha ha ha ha ha ha ha ha ha ha ha ha ha ha ha ha ha ha ha ha ha ha ha ha ha ha ha ha ha ha ha ha ha ha ha ha ha ha
147496833,,,"8.354,5,25,38979,1585849533,1,b9442d77,30779563796594693",你再骂！？！？？？！,You scold again!IntersectionIntersectionIntersectionIntersectionIntersectionIntersection
147496833,,,"8.517,1,25,16777215,1586065989,1,c1e8d658,30893049134448643",哈哈哈哈哈哈,Hahahahahahaha
147496833,,,"8.327,1,25,16777215,1586310514,1,4fc24c8a,31021250496167939",开 屏 毯 人,Open -screen blanket
147496833,,,"8.501,1,25,16777215,1586777040,1,bd09e460,31265844248444933",哈哈哈哈哈哈哈哈,Ha ha ha ha ha ha ha ha
147496833,,,"8,1,25,16777215,1587364565,1,bc92cb7e,31573876747010053",哈哈哈哈哈哈哈哈哈,hahahahahahahaha
147496833,,,"8.797,1,25,16777215,1587692642,1,2d61724f,31745883374616579",首先开头就很无力（狗头,"First of all, it is very weak (dog head"
147496833,,,"8.076,1,25,16777215,1588512531,1,c9f1883b,32175741273636871",开口跪,Kneel
147496833,,,"8.987,1,25,16777215,1589207131,1,25b44bef,32539911974289415",哈哈哈哈哈哈哈哈,Ha ha ha ha ha ha ha ha
147496833,,,"8.984,1,25,16777215,1589242272,1,7e378d57,32558335888719877",提神醒脑,Refreshing
147496833,,,"8.498,1,25,16777215,1589549820,1,df9b1109,32719579824259079",哈哈哈哈哈哈哈哈哈哈哈哈哈,Hahahahahahahahahahahahahahahahaha
147496833,,,"8.813,1,25,16777215,1589956425,1,a1fe7069,32932757635596293",我操,Fuck
147496833,,,"8.061,1,25,16777215,1595934511,1,692eb7b6,36066996684062723",哈哈哈哈哈,Hahahahaha
147496833,,,"8.292,5,25,14811775,1598171150,1,adb971bb,37239639366434823",开   口   定   调,Fixed tone
147496833,,,"8.307,1,25,16777215,1598448975,5,85f0c8fa,37385299963674627",哈哈哈哈哈哈开口有被吓到,Hahahahahahaha is scared to be scared
147496833,,,"8.288,1,25,16777215,1598613137,1,c47c4de,37471368087863301",哈哈哈哈哈哈哈哈哈哈哈,hahahahahahahahahahaha
147496833,,,"8.365,1,25,16777215,1598693737,1,ecd5052,37513625435373571",人间活菩萨过来的,The living bodhisattva comes over
147496833,,,"8.517,1,25,16777215,1602176767,1,65c1a4a6,39339736241799171",哈哈哈哈哈哈哈哈哈哈,Hahahahahahahahahahaha
147496833,,,"8.257,1,25,16777215,1602992722,1,a2b7a4c3,39767532006539267",哈哈哈哈哈哈h,Hahahahahaha H
147496833,,,"8.996,1,25,16777215,1606106857,1,bf7a22a0,41400235654119429",哈哈哈哈哈,Hahahahaha
147496833,,,"8.765,5,25,15772458,1609765532,1,d43ffc32,43318434608971779",蓄    力,Effort
147496833,,,"8.496,1,25,16777215,1610947782,1,bc66785,43938274244820999",哈哈哈哈哈哈,Hahahahahahaha
147496833,,,"8.759,5,25,15138834,1612262631,1,23eccc7c,44627633948852227",降调打击,Ingredients
147496833,,,"8.594,1,25,16777215,1613921595,1,ccaa65fc,45497408706576389",哈哈哈哈哈哈哈哈哈哈c,Hahahahahahahahahaha C
147496833,,,"8.687,1,25,16777215,1618627242,1,e78589c7,47964523047419907",哈哈哈哈,Ha ha ha ha
147496833,,,"8.264,1,25,16777215,1619171333,1,110305d9,48249783250321411",哈哈哈哈哈哈,Hahahahahahaha
147496833,,,"8.444,1,25,16777215,1628776104,1,7dd0b194,53312175213638144",再来亿遍,Come again 100 million times
147496833,,,"8.597,1,25,16777215,1633851617,1,b0a60b07,55973205536407040",歌唱大赛冠军得主,Singing contest champion winner
147496833,,,"8.615,1,25,16777215,1642815506,1,7460b076,970765843466682368",不走流程了 直接笑吧哈哈哈哈哈,"Don't take the process, just laugh, hahahahaha"
147496833,,,"8.685,1,25,16777215,1671346121,1,5243fa8b,1210097991890020096",哈哈哈哈,Ha ha ha ha
147496833,,,"8.311,1,25,16777215,1697786736,1,e1ee84c2,1431897946378732800",一天不听难受 听了难受一天,I don’t listen to it for a day. I feel uncomfortable for a day
147496833,,,"9.087,1,25,16777215,1580719966,1,a2cc8729,28090193412620290",哈哈哈哈哈哈哈,Ha ha ha ha ha ha ha
147496833,,,"9.401,1,25,16777215,1580731851,1,5b18a166,28096424458584068",哈哈哈哈哈哈哈哈哈哈哈哈哈,Hahahahahahahahahahahahahahahahaha
147496833,,,"9.304,1,25,16777215,1580756735,1,26490e57,28109470724784132",注意高能！,Pay attention to high energy!
147496833,,,"9.482,1,25,16777215,1580786448,1,4ce1b6e1,28125049032540160",哈哈哈哈哈哈哈哈,Ha ha ha ha ha ha ha ha
147496833,,,"9.93,1,25,6830715,1580792750,1,55df9662,28128352729038850",靠哈哈哈哈,Rely on hahahaha
147496833,,,"9.692,5,25,16777215,1580793880,1,22e8765e,28128945286676480",怎么骂人呢,How do you scold people?
147496833,,,"9.583,1,25,16777215,1580794630,1,a7c1a839,28129338792607744",魔鬼！！！！,devil!IntersectionIntersectionIntersection
147496833,,,"9.835,1,25,16777215,1580971266,7,f8f91f54,28221946734313476",有被笑到谢谢,Laughing to thank you
147496833,,,"9.889,1,25,16777215,1580986012,1,f6332595,28229677737312260",哈哈哈哈哈,Hahahahaha
147496833,,,"9.807,1,25,16777215,1581065071,1,fd6afe6,28271127733731332",完了，每天一刷,"It's over, brush every day"
147496833,,,"9.41,1,25,16777215,1581067281,1,14edda08,28272286324228096",哈哈哈哈哈哈哈哈哈哈哈,hahahahahahahahahahaha
147496833,,,"9.21,1,25,16707842,1581140680,1,b9442d77,28310768702718016",你再骂,You scold again
147496833,,,"9.473,1,25,16777215,1581183582,1,e5efcdc9,28333261366755328",hhhhhhhhhhhhhhhhhh,Hhhhhhhhhhhhhhhhhhhhhhhhhhh
147496833,,,"9.823,1,25,16777215,1581216810,1,79e12061,28350682331873280",有点上头不知道为什么,I don't know why
147496833,,,"9.994,1,25,16777215,1581250191,1,66323af9,28368183433887746",哈哈哈哈哈哈哈就哈哈哈哈,Hahahahahahaha hahahahaha
147496833,,,"9.367,1,25,16777215,1581486790,1,7a10a733,28492229655920640",每天亿遍,100 million times a day
147496833,,,"9.315,1,25,16777215,1581671126,1,60340bc6,28588875044093954",哈哈哈哈哈哈哈哈哈哈哈哈,Hahahahahaha
147496833,,,"9.439,1,25,16777215,1581679105,1,c2bb9d01,28593058007744514",h哈哈哈哈哈哈哈哈哈哈哈哈哈哈哈哈哈哈哈哈哈哈哈哈哈哈哈哈哈哈哈哈哈哈哈,"h ha ha ha ha ha ha ha ha ha ha ha ha ha ha ha ha ha ha ha ha ha ha ha ha ha ha ha ha ha ha ha ha ha ha ha ha ha ha ha ha ha ha ha ha ha ha ha ha ha ha ha ha ha ha ha ha ha ha ha ha ha ha ha ha ha ha ha ha ha ha ha ha ha ha ha ha ha ha ha ha ha ha ha ha ha ha ha ha ha ha ha ha ha ha ha ha ha ha ha ha ha ha ha ha ha ha ha ha ha ha ha ha ha ha ha ha ha ha ha ha ha ha ha ha ha ha ha ha ha ha ha ha ha ha, which"
147496833,,,"9.857,1,25,16777215,1581699863,1,a85c5914,28603941470601216",？？？？？哈哈哈,IntersectionIntersectionIntersectionIntersectionIntersectionHahaha
147496833,,,"9.798,1,25,16777215,1581829803,1,c049ccb7,28672067846012928",我当时害怕极了,I was very scared at the time
147496833,,,"9.277,1,25,16777215,1581961846,1,dc3f86f8,28741296005840896",这首歌老危险了,This song is old -fashioned
147496833,,,"9.068,1,25,16777215,1582119013,1,4cd2df7f,28823697050042370",哈哈哈哈哈哈,Hahahahahahaha
147496833,,,"9.373,1,25,16777215,1582199841,1,18c8ddb5,28866073690374146",哈哈哈哈哈,Hahahahaha
147496833,,,"9.385,1,25,16777215,1582256310,1,e7313ed0,28895680081690624",开口跪,Kneel
147496833,,,"9.671,1,25,16777215,1582553790,1,6c5cf67f,29051644950872067",啊？？？哈哈哈哈哈哈哈,ah?IntersectionIntersectionHa ha ha ha ha ha ha
147496833,,,"9.889,1,25,16777215,1582795883,1,def94e3a,29178571554029571",越听越上头,The more you listen to it
147496833,,,"9.417,1,25,16777215,1583766898,1,f3a4f39e,29687662924791811",第四次哈哈哈哈,Fourth time hahahaha
147496833,,,"9.014,1,25,16777215,1587037880,1,bb951ee,31402599811383301",哈哈哈哈哈哈哈哈,Ha ha ha ha ha ha ha ha
147496833,,,"9.336,1,25,16777215,1587734441,1,7ed25097,31767798098165767",百万助攻,Million assists
147496833,,,"9.278,1,25,16777215,1588267023,1,d42ef90e,32047024611786757",哈哈哈哈哈哈,Hahahahahahaha
147496833,,,"9.111,1,25,16777215,1588690996,1,344c5b28,32269308345712647",哈哈哈哈哈哈哈,Ha ha ha ha ha ha ha
147496833,,,"9.256,1,25,16777215,1589605147,1,427b4944,32748586734190599",哈哈哈哈哈哈哈哈,Ha ha ha ha ha ha ha ha
147496833,,,"9.269,1,25,16777215,1590206634,1,7cd4af83,33063939503816707",一百万合影,One million photos
147496833,,,"9.339,1,25,16777215,1592122280,1,37e0574b,34068289765244935",哈哈哈哈哈,Hahahahaha
147496833,,,"9.899,1,25,16777215,1592138317,1,6a007595,34076697608847363",哈哈哈哈哈哈哈哈哈,hahahahahahahaha
147496833,,,"9.141,1,25,16777215,1595861136,1,2119ddc,36028526906310659",哈哈哈哈哈哈哈哈哈哈哈哈,Hahahahahaha
147496833,,,"9.619,1,25,16777215,1596011566,1,48aa011b,36107395388669957",开屏雷击,Open screen lightning strike
147496833,,,"9.619,1,25,16777215,1596011574,1,48aa011b,36107399803174919",吓退新粉系列,Scared new fan series
147496833,,,"9.413,1,25,16777215,1597155944,1,49adac9b,36707379406962693",别走流程了，直接笑吧,"Don't take the process, laugh directly"
147496833,,,"9.879,1,25,16777215,1598360369,1,96fa13bf,37338844532572163",开始笑,Start laughing
147496833,,,"9.283,1,25,16777215,1611194559,1,49d84630,44067656431566851",哈哈哈哈哈哈哈哈哈哈哈哈哈哈,Hahahahahahahahahahahahahahahahaha
147496833,,,"9.039,5,25,15138834,1611297461,11,c05dd6bd,44121607024148485",哈哈哈哈哈,Hahahahaha
147496833,,,"9.04,1,25,16777215,1614088891,1,700db16e,45585120193150981",哈哈哈哈,Ha ha ha ha
147496833,,,"9.915,1,25,16777215,1614966541,1,69a8098c,46045261622935557",哈哈哈哈哈哈哈,Ha ha ha ha ha ha ha
147496833,,,"9.44,1,25,9487136,1622307869,1,7d67afbf,49894231840391171",开      口      跪,Kneel
147496833,,,"9.559,1,25,16777215,1622973055,1,20656c74,50242980920426503",路人来笑了,Passerby laughed
147496833,,,"9.595,1,25,38979,1623851658,1,fc92a106,50703621790105607",我该如何是好,What should I do
147496833,,,"9.239,5,25,14811775,1625052083,1,17a9cb96,51332990124949511",绝美吟唱,Beautiful chanting
147496833,,,"9.019,1,25,16777215,1626183453,1,37707dcc,51926153614589959",哈哈哈哈开屏雷击,Hahahaha Kai screen lightning strike
147496833,,,"9.659,1,25,16777215,1627667925,1,5200e221,52704444817080323",哈哈哈哈哈哈哈笑不活我,Hahahahaha ha ha ha ha ha ha ha ha ha ha to laugh without living
147496833,,,"9.651,1,25,16777215,1660746734,1,1251afa2,1121183888392135936",眼前一黑,Black in front of you
147496833,,,"9.889,1,25,16777215,1670301161,1,e38de710,1201332226403422720",哈哈哈哈哈哈有被冒犯到,Hahahahahahahaha
147496833,,,"9.305,1,25,16777215,1671346141,1,5243fa8b,1210098158655558912",之前看过又没了，现在终于找到了,"I've seen it before, but now I finally found it"
147496833,,,"10.731,1,25,16777215,1580732320,1,c92251d,28096670477058048",？？？？？？？,？？？？？？？
147496833,,,"10.75,1,25,16777215,1580736369,1,ff302e15,28098792994111492",哈哈哈哈,Ha ha ha ha
147496833,,,"10.547,1,25,16777215,1580755788,1,a3cbf5fa,28108973975535616",哈哈哈哈哈哈哈,Ha ha ha ha ha ha ha
147496833,,,"10.669,5,25,41194,1580801546,1,3287ef47,28132964394074112",注入灵魂,Soul
147496833,,,"10.058,1,25,16777215,1580801808,1,b4fb36db,28133102034354180",开   幕   雷   击,Starting Thunder Strike
147496833,,,"10.263,1,25,16777215,1580804638,1,3cf42065,28134585685508096",哈哈哈哈哈哈哈,Ha ha ha ha ha ha ha
147496833,,,"10.94,1,25,16777215,1580826089,1,21e85d25,28145832270233604",hhhhhhhhhhhhhhh,Hhhhhhhhhhhhhhhhhhhhhhhh
147496833,,,"10.271,1,25,16777215,1580831661,1,25186e21,28148753492869122",开口跪哈哈哈哈哈,Kneel on your mouth hahahahaha
147496833,,,"10.49,1,25,16777215,1580897020,1,60daf8f4,28183020302761984",哈哈哈哈哈,Hahahahaha
147496833,,,"10.751,1,25,16777215,1580919085,1,731d8726,28194588596371456",哈哈哈哈哈哈哈,Ha ha ha ha ha ha ha
147496833,,,"10.525,5,25,15138834,1580969163,1,8e3981cd,28220844139347968",姜涩琪你会玩游戏！！！,"Jiang Shiqi, you can play games!IntersectionIntersection"
147496833,,,"10.203,1,25,16777215,1580977355,1,a9ade030,28225139185287170",哈哈哈哈哈哈哈哈哈哈哈,hahahahahahahahahahaha
147496833,,,"10.024,1,25,16777215,1581386671,1,ce3f4093,28439738690568194",灵魂歌手,Soul singer
147496833,,,"10.693,1,25,16777215,1581823541,1,69be2819,28668784551133186",哈哈哈哈哈哈哈哈哈,hahahahahahahaha
147496833,,,"10.376,1,25,16777215,1582002235,1,cc5762f9,28762471523155970",如听仙乐耳暂明,Such as listening to Xianle Er temporarily
